::1,Windows,US,"2024-11-15 17:36:15",246e06cd760191cf,"Google Chrome 130.0.0.0",Visitor,V3
::1,Windows,US,"2024-11-15 17:52:20",246e06cd760191cf,"Google Chrome 130.0.0.0",Visitor,V3
::1,Windows,US,"2024-11-15 18:03:45",246e06cd760191cf,"Google Chrome 130.0.0.0",Visitor,V3
::1,Windows,US,"2024-11-15 18:13:47",246e06cd760191cf,"Google Chrome 130.0.0.0",Visitor,V3
::1,Windows,US,"2024-11-16 00:08:56",246e06cd760191cf,"Google Chrome 130.0.0.0",Visitor,V3
::1,Windows,US,"2024-11-16 00:14:43",246e06cd760191cf,"Google Chrome 130.0.0.0",Visitor,V3
::1,Windows,US,"2024-11-16 00:15:43",246e06cd760191cf,"Google Chrome 130.0.0.0",Visitor,V3
::1,Windows,US,"2024-11-16 00:22:11",246e06cd760191cf,"Google Chrome 130.0.0.0",Visitor,V3
::1,Windows,US,"2024-11-16 00:26:56",246e06cd760191cf,"Google Chrome 130.0.0.0",Visitor,V3
::1,Windows,US,"2024-11-16 00:27:14",246e06cd760191cf,"Google Chrome 130.0.0.0",Visitor,V3
::1,Windows,US,"2024-11-16 00:27:44",246e06cd760191cf,"Google Chrome 130.0.0.0",Visitor,V3
